{"hor_up":2.07252141833305,"hor_down":2.41873061656952,"ver_left":0.0,"ver_right":0.0}